{
  "required": true,
  "package": "com.moulberry.flashback.mixin",
  "plugin": "com.moulberry.mixinconstraints.ConstraintsMixinPlugin",
  "compatibilityLevel": "JAVA_21",
  "client": [
    "MixinDebugScreenOverlay",
    "MixinLevelRenderer",
    "MixinMinecraft",
    "MixinMouseHandler",
    "MixinPlayerInfo",
    "MixinRenderTarget",
    "MixinWindow",
    "audio.MixinAudioLibrary",
    "audio.MixinSoundEngine",
    "millis.MixinRenderStateShard",
    "millis.MixinWorldBorderRenderer",
    "movement.MixinMouseHandler",
    "movement.MixinPlayerEntity",
    "norandom.MixinParticle",
    "packet_fix.MixinBossHealthOverlay",
    "playback.MixinArmorStandRenderer",
    "playback.MixinCamera",
    "playback.MixinClientCommonPacketListenerImpl",
    "playback.MixinClientPacketListener",
    "playback.MixinGameRenderer",
    "playback.MixinItemInHandRenderer",
    "playback.MixinRemotePlayer",
    "record.MixinClientConfigurationPacketListenerImpl",
    "record.MixinClientLevel",
    "record.MixinLocalPlayer",
    "record.MixinMultiPlayerGameMode",
    "ui.MixinPauseScreen",
    "ui.MixinTitleScreen",
    "visuals.MixinAbstractClientPlayer",
    "visuals.MixinBossHealthOverlay",
    "visuals.MixinClientLevel",
    "visuals.MixinClientLevelData",
    "visuals.MixinEntityRenderDispatcher",
    "visuals.MixinEntityRenderer",
    "visuals.MixinFogRenderer",
    "visuals.MixinGui",
    "visuals.MixinLevel",
    "visuals.MixinLevelRenderer",
    "visuals.MixinLightTexture",
    "visuals.MixinLoadingOverlay",
    "visuals.MixinMouseHandler",
    "visuals.MixinOptions",
    "visuals.MixinParticleEngine",
    "visuals.MixinPlayer",
    "visuals.MixinPlayerRenderer",
    "visuals.MixinWeatherEffectRenderer"
  ],
  "injectors": {
    "defaultRequire": 1
  },
  "mixins": [
    "MixinThreadedLevelLightEngine",
    "compat.MixinSodiumWorldRenderer",
    "compat.axiom.MixinAxiomEditorUI",
    "compat.axiom.MixinAxiomServerIntegration",
    "compat.bobby.FakeChunkManagerAccessor",
    "compat.bobby.MixinBobby",
    "compat.bobby.MixinBobbyFakeChunkManager",
    "compat.fabric.MixinFabricBiomeModificationImpl",
    "compat.fabric.MixinFabricServerPlayNetworking",
    "compat.iris.MixinIrisHandRenderer",
    "compat.iris.MixinIrisSystemTimeUniforms",
    "compat.replaymod.MixinReplayModRecording",
    "compat.voice_chat.MixinVoiceChatALSpeakerBase",
    "compat.voice_chat.MixinVoiceChatClientPlayerStateManager",
    "compat.voice_chat.MixinVoiceChatClientVoicechat",
    "compat.voice_chat.MixinVoiceChatRenderEvents",
    "compat.voice_chat.MixinVoiceChatSoundManager",
    "millis.MixinWorldBorderMovingBorderExtent",
    "playback.MixinAttributeInstance",
    "playback.MixinBoat",
    "playback.MixinChunkHolder",
    "playback.MixinEntity",
    "playback.MixinLevelChunk",
    "playback.MixinLivingEntity",
    "playback.MixinMinecraftServer",
    "playback.MixinPlayerChunkSender",
    "playback.MixinScoreboard",
    "playback.MixinServerTickRateManager",
    "playback.MixinTickRateManager",
    "record.MixinConnection",
    "record.MixinFFmpegFrameRecorder",
    "replay_server.MixinChunkGenerators",
    "replay_server.MixinChunkStatusTasks",
    "replay_server.MixinPersistentEntitySectionManager",
    "replay_server.MixinPlayerList",
    "replay_server.MixinServerChunkCache",
    "replay_server.MixinServerConfigurationPacketListenerImpl",
    "replay_server.MixinServerEntity",
    "replay_server.MixinServerGamePacketListenerImpl",
    "replay_server.MixinServerLevel",
    "replay_server.MixinServerLoginPacketListenerImpl"
  ]
}
